param,value
beta0,1.778469
dim1,0.740860
dim2,0.015408
dim3,-0.139833
